L,Date MO/DAY/YR,To,From,Sent To ,Sent From,Status,Notes,Spanish YES/NO,SCAN ID,Scans uploaded,Back up? Where?,Metadata collected,Metadata filename,Metadata uploaded,Metadata Revised,Total: ,letter ,Envelope,Env. and Letter,Jesusita
1,8/21/1919,Maximino Torres,Rafaela Arroyo viuda de Torres (Max's Mother),Knobles OK,Ecuandureo MICH,Transcribed & translated,letter Transcribed and translated Dec/19/13,YES,"shan_l.001
to
shan_l.002",Box,,Yes,shan_L001.meta.xml,Google Drive,Yes,,43,57,54,51
2,2/5/1923,Reynaldo Hurtado (Uncle of Max. T),Maximino Torres,[México] Place: ?,Rock Springs WY,Transcribed & translated,letter Transcribed and translated Dec/19/13,YES,"shan_l.009
to
shan_l.014",Box,,Yes,shan_L002.meta.xml,Google Drive,Yes,,,,,
3,12/27/1926,Maximino Torres,Clemente Torres,Rock Springs WY,Patzimaro MICH,Transcribed & translated,letter ,YES,"shan_l.003
to
shan_l.004",Box,,Yes,shan_L003.meta.xml,Google Drive,Yes,,,,,
4,6/25/1927,Maximino Torres,Clemente Torres (brother of Max),Rock Springs WY,Huapamacato MICH,Transcribed & translated,letter,YES,"shan_l.005
to
shan_l.006",Box,,Yes,shan_L004.meta.xml,Google Drive,Yes,,,,,
5,3/18/1926,Maximino Torres,Julia H. Arroyo (maternal Aunt),Rock Springs WY,Huapamacato MICH,Transcribed & translated,letter Transcribed and translated Dec/19/13,YES,"shan_l.015
to
shan_l.016",Box,,Yes,shan_L005.meta.xml,Google Drive,Yes,,,,,
6,3/18/1926,Maximino Torres,S. S. Arroyo (female cousin to Max. Torres),Rock Springs WY,Huapamacato MICH,Transcribed & translated,letter Transcribed and translated Dec/19/13,YES,"shan_l.017
to
shan_l.018",Box,,Yes,shan_L006.meta.xml,Google Drive,Yes,,,,,
7,5/28/1927,Maximino Torres,Clemente Torres (brother of Max),Rock Springs WY,Huapamacato MICH,Transcribed & translated, letter Transcribed and translated Dec/19/13,YES,"shan_l.019
to
shan_l.020",Box,,Yes,shan_L007.meta.xml,Google Drive,Yes,,,,,
8,1/1/1964,Santos Barros Schubert,Jesusita Baros Torres,Lincoln NE?,"Fort Lupton, CO",Transcribed & translated, letter Transcribed and translated,YES,shan_l.681 to shan_l.685,Box,,Yes,shan_L008.meta.xml,Google Drive,Yes,,,,,
9,10/24/1952,Clemente Torres (brother of Max),Rodolfo Torres Aviña (Max's nephew) ,Fort Lupton CO,Churintzio MICH,Transcribed & translated, Letter Transcribed and translated. Sender listed on Envelope is Victoria Aviña (Clemente's wife),YES,"shan_l.023
to
shan_l.024",Box,,Yes,shan_L009.meta.xml,Google Drive,Yes,,,,,
10,???,,Shone Villanueva,???,Albuquerque NM,Transcribed & translated,Torn letter [fragment] Transcribed and translated,YES,"shan_l.050
to
shan_l.051",Box,,Yes,shan_L010.meta.xml,Google Drive,Yes,,,,,
11,8/29/1937,Jesusita Baros,,Denver CO,Albuquerque NM,Transcribed & translated,letter,YES,"shan_l.062
to
shan_l.067",Box,,Yes,shan_L011.meta.xml,Google Drive,Yes,,,,,
12,9/4/???,Jesusita Baros,Patricia Medrano,Fort Lupton CO,Juchipila ZAC,Transcribed & translated,letter,YES,"shan_l.056
to
shan_l.059",Box,,Yes,shan_L012.meta.xml,Google Drive,Yes,,,,,
13,???/21/1937,Jesusita Baros,???,Basin WY,,Transcribed & translated,Only Envelope C/O Philip Haitman [Hartman?],NO,"shan_l.060
to
shan_l.061",Box,,Yes,shan_L013.meta.xml,Google Drive,Yes,,,,,
14,12/2/1934,Jesusita Baros,Jesus Samaniego,Longmont CO,Juchipila ZAC,Transcribed & translated,letter C/O Bill Remedy,YES,"shan_l.052
to
shan_l.055",Box,,Yes,shan_L014.meta.xml,Google Drive,Yes,,,,,
15,7/8/1937,Jesusita Baros,Villanueva???,Denver CO,Albuquerque NM,"Transcribed, no translation ",Only Envelope ,NO,"shan_l.074
to
shan_l.075",Box,,Yes,shan_L015.meta.xml,Google Drive,Yes,,,,,
16,9/2/1937,Jesusita Baros,J Sánchez?,Denver CO,Albuquerque NM,"Transcribed, no translation",Only Envelope ,NO,"shan_l.072
to
shan_l.073",Box,,Yes,shan_L016.meta.xml,Google Drive,Yes,,,,,
17,???,Jesusita Baros,???,Longmont CO,"Santa Ana, Sonora MX","Transcribed, no translation",Only Envelope C/O Bill Kennedy,NO,"shan_l.068
to
shan_l.069",Box,,Yes,shan_L017.meta.xml,Google Drive,Yes,,,,,
18,8/20/1937,Jesusita Baros,V??,Denver CO,Albuquerque NM,"Transcribed, no translation",Only Envelope,NO,"shan_l.070
to
shan_l.071",Box,,Yes,shan_L018.meta.xml,Google Drive,Yes,,,,,
19,7/31/1937,Jesusita Baros,Felipita N Baca,Denver CO,Albuquerque NM,Transcribed & translated,Env. and LetterTranslated by Kate  3/14 Revised by IV 5/14; envelope and 2 page letter PDF in 4 pages envelope dated 8/2/1937,YES,"shan_l.076
to
shan_l.081",Box,,Yes,shan_L019.meta.xml,Google Drive,Yes,,,,,
20,9/18/19??,Jesusita Baros,Guadalupe Flemate,Fort Lupton CO,Juchipila ZAC,Transcribed & translated,letter Translated by Kate  3/14 Revised by IV 5/14. ,YES,"shan_l.760
shan_l.466
to
shan_l.467",Box,,Yes,shan_L020.meta.xml,Google Drive,Yes,,,,,
21,10/15/1938,Jesusita Baros,Demetrio Flemate,"Longmont, CO",Juchipila ZAC,Transcribed & translated,"letter Transcribed and translated by IV, 5/14. C/OBill Kennedy",YES,"shan_l.088
to
shan_l.093",Box,,Yes,shan_L021.meta.xml,Google Drive,Yes,,,,,
22,12/20/1940,Jesusita Baros,Guadalupe Flemate,Fort Lupton CO,Juchipila ZAC,Transcribed & translated,"ASSIGNED TO KATE ON 2/14/14 Transcribed and translated by IV, 5/14. Calls her Eliboria Flemate in letter",YES,"shan_l.144
to
shan_l.149",Box,,Yes,shan_L022.meta.xml,Google Drive,Yes,,,,,
23,1/17/1940,Jesusita Varos,Jesus Zamaniego,Fort Lupton CO,Mexicali BC,Transcribed & translated,"letter Transcribed and translated by IV, 5/14",YES,"shan_l.154
to
shan_l.157",Box,,Yes,shan_L023.meta.xml,Google Drive,Yes,,,,,
24,11/22/1939,María Jesús Barrios,Guadalupe Flemate,Fort Lupton CO,Juchipila ZAC,Transcribed & translated,"letter Transcribed and translated by IV, 5/14",YES,"shan_l.134
to
shan_l.137",Box,,Yes,shan_L024.meta.xml,Google Drive,Yes,,,,,
25,2/22/1953,Jesusita Baros,Nemecio Samaniego,Fort Lupton CO,Juchipila ZAC,Transcribed & translated,"letter Transcribed and translated by IV, 5/14.        c/o Mauro Quezada",YES,"shan_l.168
to
shan_l.171",Box,,Yes,shan_L025.meta.xml,Google Drive,Yes,,,,,
26,12/6/1958,Jesusita Varos,Demetrio Flemate,Fort Lupton CO,Juchipila ZAC,Transcribed & translated,"letter Transcribed and translated by IV, 5/14",YES,"shan_l.176
to
shan_l.179",Box,,Yes,shan_L026.meta.xml,Google Drive,Yes,,,,,
27,11/8/1942,Santos Baros,José Lara M.,Fort Lupton CO,Juchipila ZAC,Transcribed & translated,"letter Transcribed and translated by IV, 5/14",YES,shan_l.760,Box,,Yes,shan_L027.meta.xml,Google Drive,Yes,,,,,
28,10/5/1967,Jesusita Torrez,Margarita Flemate,Fort Lupton CO,Juchipila ZAC,Transcribed & translated," letter Transcribed and translated by IV, 5/14",YES,"shan_l.182
to
shan_l.185",Box,,Yes,shan_L028.meta.xml,Google Drive,Yes,,,,,
29,7/23/1969,Jesusita Baros Torres,Patricia Medrano,Fort Lupton CO,Juchipila ZAC,Transcribed & translated,"letterTranscribed and translated by IV, 5/14",YES,"shan_l.190
to
shan_l.193",Box,,Yes,shan_L029.meta.xml,Google Drive,Yes,,,,,
30,7/10/1964,Santos Baros Schubert,Jesusita Torres,Lincoln NE?,Fort Lupton CO,Transcribed & translated,letter [L30] & [L31] are on the same PDF,YES,"shan_l.096
to
shan_l.099",Box,,Yes,shan_L030.meta.xml,Google Drive,Yes,,,,,
31,2/16/1965,Mrs. W.F. Schubert,Jesusita Torres,Lincoln NE,Juchipila ZAC,Transcribed & translated,letter Transcribed & translated by I.V. on 7/9/14,YES,shan_l.094 to shan_l.095,Box,,Yes,shan_L031.meta.xml,Google Drive,Yes,,,,,
31,2/16/1965,Mrs. W.F. Schubert,Jesusita Torres,Lincoln NE,Juchipila ZAC,Transcribed & translated,letter Transcribed & translated by I.V. on 7/9/14,YES,shan_l.100 to shan_l.101,Box,,Yes,shan_L031.meta.xml,Google Drive,Yes,,,,,
32,1/21/1939,Jesusita Baros,Mrs. Felipita N. Baca,Longmont CO,Albuquerque NM,Transcribed & translated,letter Transcribed & translated by I.V. on 7/10/14 Revised by KMendell. ,YES,"shan_l.102
to
shan_l.105",Box,,Yes,shan_L032.meta.xml,Google Drive,Yes,,,,,
33,3/17/1939,Jesusita Barros,Mrs. Baca,Longmont CO,Albuquerque NM,Transcribed & translated,letter Transcribed & translated by I.V. on 7/28/14. Revised by KMendell. ,YES,"shan_l.112
to
shan_l.115",Box,,Yes,shan_L033.meta.xml,Google Drive,Yes,,,,,
34,2/23/1939,Jesusita Barros,Mrs. Edward Baca,Longmont CO,Albuquerque NM,Transcribed & translated,letter Transcribed & translated by I.V. on 7/28/14. Revised by KMendell. ,YES,"shan_l.108
to
shan_l.111",Box,,Yes,shan_L034.meta.xml,Google Drive,Yes,,,,,
35,3/25/1939,Maximino Torres,Clemente Torres,Longmont CO,Churintzio MICH,Transcribed & translated,letter Transcribed & translated by I.V. on 7/28/14. Revised by KMendell. ,YES,"shan_l.116
to
shan_l.119",Box,,Yes,shan_L035.meta.xml,Google Drive,Yes,,,,,
36,6/19/1939,Clemente Torres,Max Torres,Churintzio MICH,Longmont CO,Transcribed & translated,letter Transcribed and translated by KM on 6/13/14,YES,"shan_l.031
to
shan_l.036",Box,,Yes,shan_L036.meta.xml,Google Drive,Yes,,,,,
37,1/28/1939,Maximino Torres,C. Arroyo,Longmont CO,Churintzio MICH,Transcribed & translated,letter Transcribed and translated by KM on 6/15. Edited by IV & returned to KM on 6/16 for final version. ,YES,"shan_l.037
to
shan_l.040",Box,,Yes,shan_L037.meta.xml,Google Drive,Yes,,,,,
38,6/20/1939,Santos Baros,R.T.M. Moreno,Longmont CO,Denver CO,Transcribed & translated,letter Transcribed and translated by KM on 6/13/14,YES,"shan_l.041
to
shan_l.044",Box,,Yes,shan_L038.meta.xml,Google Drive,Yes,,,,,
39,9/10/1939,Maxsimino Torres,R. Hurtado,Longmont CO,Chicago IL,Transcribed & translated,letter Transcribed and translated by KM on 6/13/14,YES,"shan_l.126
to
shan_l.129",Box,,Yes,shan_L039.meta.xml,Google Drive,Yes,,,,,
40,4/7/1939,Maximino Torres,Clemente Torres,Longmont CO,Churintzio MICH,Transcribed & translated,letter ,YES,"shan_l.138
to
shan_l.143",Box,,Yes,shan_L040.meta.xml,Google Drive,Yes,,,,,
41,1/6/1942,Santos Barros,Teresita Autobus?,Fort Lupton CO,Erie CO,Transcribed & translated,letter,NO,"shan_l.762 to 
shan_l.764",Box,,Yes,shan_L041.meta.xml,Google Drive,Yes,,,,,
42,8/30/1943,Maximino Torres,Clemente Torres,Denver CO,Churintzio MICH,Transcribed & translated,letter,YES,"shan_l.765 to 
shan_l.767",Box,,Yes,shan_L042.meta.xml,Google Drive,Yes,,,,,
43,5/5/1944,Maximino Torres,Clemente Torres,Denver CO,Churintzio MICH,Transcribed & translated,letter,YES,"shan_l.164
to
shan_l.167",Box,,Yes,shan_L043.meta.xml,Google Drive,Yes,,,,,
44,2/24/1960,Jesusita Baros,Santos B Schubert,Fort Lupton CO?,Lincoln NE ?,Transcribed & translated,letter,YES,"shan_l.180
to
shan_l.181",Box,,Yes,shan_L044.meta.xml,Google Drive,Yes,,,,,
45,2/20/1969,Jesusita B Torres,Nemesio Samaniego,Fort Lupton CO,Juchipila ZAC,Transcribed & translated,letter,YES,"shan_l.186
to
shan_l.189",Box,,Yes,shan_L045.meta.xml,Google Drive,Yes,,,,,
46,4/8/1970,Jesusita Baros Torrez,Demetrio Flemate,Fort Lupton CO,Los Angeles CA,Transcribed & translated,letter,YES,"shan_l.194
to
shan_l.201",Box,,Yes,shan_L046.meta.xml,Google Drive,Yes,,,,,
47,10/18/1975,Jesusita Torrez,Demetrio Flemate,Fort Lupton CO,Los Angeles CA,Transcribed & translated,letter,YES,"shan_l.202
to
shan_l.205",Box,,Yes,shan_L047.meta.xml,Google Drive,Yes,,,,,
48,6/8/1977,Jesus Samaniego,Maximino Torres,Mexicali BC,Fort Lupton CO,Transcribed & translated,letter,YES,"shan_l.206
to
shan_l.211",Box,,Yes,shan_L048.meta.xml,Google Drive,Yes,,,,,
49,6/20/1952,Jesusita Baros,Nemecio Samaniego,Fort Lupton CO,Juchipila ZAC,Transcribed & translated,letter,YES,"shan_l.150
to
shan_l.151",Box,,Yes,shan_L049.meta.xml,Google Drive,Yes,,,,,
50,7/26/1957,Sandra B Schubert,Guadalupe Flemate Medrano,Lincoln NE,Juchipila ZAC,Transcribed & translated,letter,YES,"shan_l.244
to
shan_l.247",Box,,Yes,shan_L050.meta.xml,Google Drive,Yes,,,,,
51,2/4/1939,Jesusita Baros,Faustin Villanueva?,Longmont CO,Albuquerque NM,Transcribed and ready.,Envelope only.,NO,"shan_l.106
to
shan_l.107",Box,,Yes,shan_L051.meta.xml,Google Drive,Yes,,,,,
52,N/D,Jesusita Baros?,???,???,???,Transcribed and ready.,"Note ""Mira ací es como y quiero la...""",YES,"shan_l.025
to
shan_l.026",Box,,Yes,shan_L052.meta.xml,Google Drive,Yes,,,,,
53,?/27/1923,Reynaldo ??,Maximino Torres,"Ecuandureo, MICH","Rock Springs, WY",Transcribed and ready.,Only Envelope,YES,"shan_l.007
to
shan_l.008",Box,,Yes,shan_L053.meta.xml,Google Drive,Yes,,,,,
54,10/28/1952,Maximino Torres,Victoria Aviña,Fort Lupton CO,Churintzio MICH,Transcribed and ready.,Only Envelope,NO,"shan_l.021
to
shan_l.022",Box,,Yes,shan_L054.meta.xml,Google Drive,Yes,,,,,
55,8/23/1951,Sra. Jesusita Varo ,Jesús Samaniego,Fort Lupton CO,Mexicali BC,Transcribed and ready.,Envelope,YES,shan_l.027 to shan_l.028,Box,,Yes,shan_L055.meta.xml,Google Drive,Yes,,,,,
55,8/23/1951,Sra. Jesusita Varo ,Jesús Samaniego,Fort Lupton CO,Mexicali BC,Transcribed and ready.,Envelope,YES,shan_l.046 to shan_l.047,Box,,Yes,shan_L055.meta.xml,Google Drive,Yes,,,,,
56,3/21/1965?,Jesucita B. Torres,Jesús Samaniego,Fort Lupton CO,Mexicali BC,Transcribed and ready.,Envelope ,YES,"shan_l.048
to
shan_l.049",Box,,Yes,shan_L056.meta.xml,Google Drive,Yes,,,,,
57,7/19/1937,Mrs. Jesusita Baros,N/A,Denver CO,Albuquerque NM,Transcribed and ready.,Envelope only. ,NO,"shan_l.082
to
shan_l.083",Box,,Yes,shan_L057.meta.xml,Google Drive,Yes,,,,,
58,10/4/1937,Ms. Santos Baros,N/A,Denver CO,Albuquerque NM,Transcribed and ready.,Envelope only. ,NO,"shan_l.084
to
shan_l.085",Box,,Yes,shan_L058.meta.xml,Google Drive,Yes,,,,,
59,1/25/1938,Mrs. Santos Baros,N/A,Denver CO,Albuquerque NM,"Transcribed, edited & ready.
",Envelope only. ,NO,"shan_l.086
to
shan_l.087",Box,,Yes,shan_L059.meta.xml,Google Drive,Yes,,,,,
60,3/26/1939,Sr. Maxsimino Torrez,R. Hurtado,Longmont CO,Chicago IL,"Transcribed, edited & ready.
",Envelope only. ,YES,"shan_l.120
to
shan_l.121",Box,,Yes,shan_L060.meta.xml,Google Drive,Yes,,,,,
61,5/3/1939,Mrs. Jesusita Barros,Mrs. Baca,Longmont CO,Albuquerque NM,"Transcribed, edited & ready.
",Envelope only. ,NO,"shan_l.122
to
shan_l.123",Box,,Yes,shan_L061.meta.xml,Google Drive,Yes,,,,,
62,5/26/1939,Mrs. Jesusita Baros,Ben Silva,Longmont CO,"Brentwood, CA","Transcribed, edited & ready.
",Envelope only. In care of Bill Kennedy.,NO,"shan_l.029
to
shan_l.030",Box,,Yes,shan_L062.meta.xml,Google Drive,Yes,,,,,
63,7/13/1939,Sra. Jesusita Baros ,Demetrio Flemate,Longmont CO,"Brentwood, CA","Transcribed, edited & ready.
",Envelope only. ,NO,"shan_l.124
to
shan_l.125",Box,,Yes,shan_L063.meta.xml,Google Drive,Yes,,,,,
64,9/29/1939,Mrs. Jesusita Baros,N/A,Longmont CO,Albuquerque NM,"Transcribed, edited & ready.
",Envelope only. ,NO,"shan_l.130
to
shan_l.131",Box,,Yes,shan_L064.meta.xml,Google Drive,Yes,,,,,
65,8/12/1939,Mr. Demetrio Flemate,Jesusita Baros,Stockton CA,Longmont CO,"Transcribed, edited & ready.
",Envelope only. ,NO,"shan_l.132
to
shan_l.133",Box,,Yes,shan_L065.meta.xml,Google Drive,Yes,,,,,
66,N/A,N/A,Nemecio F Samaniego ,N/A,Juchipila ZAC,Transcribed & translated,"Fragment. Typewritten in red ink, signed in green ink. letter",YES,"shan_l.152
to
shan_l.153",Box,,Yes,shan_L066.meta.xml,Google Drive,Yes,,,,,
67,2/19/1940,Mrs. Jesusita Baros,Mrs. A. Marín,Fort Lupton CO,"Longmont, CO","Transcribed, edited & ready.
",Envelope only. ,NO,"shan_l.158
to
shan_l.159",Box,,Yes,shan_L067.meta.xml,Google Drive,Yes,,,,,
68,12/24/1940,Mrs. Jesusita Baros,Demetrio Flemate,Fort Lupton CO,"Thornton, CA","Transcribed, edited & ready.
",Envelope only. ,NO,"shan_l.160
to
shan_l.161",Box,,Yes,shan_L068.meta.xml,Google Drive,Yes,,,,,
69,11/25/1943,Mrs. Jesusita Baros,Jesse Baros,Denver CO,"San Diego, CA","Transcribed, edited & ready.
",Envelope only. ,NO,"shan_l.162
to
shan_l.163",Box,,Yes,shan_L069.meta.xml,Google Drive,Yes,,,,,
70,2/4/1976,Sr. Ricardo Núñez,Ascención Beltrán,Fort Lupton CO,"Cuernavaca, MOR","Transcribed, edited & ready.
",Envelope only. ,YES,"shan_l.172
to
shan_l.173",Box,,Yes,shan_L070.meta.xml,Google Drive,Yes,,,,,
71,9/26/1961?,Sra. Ma. de Jesús Varos,Nemecio Samaniego,Fort Lupton CO,Juchipila ZAC,"Transcribed, edited & ready.
",Envelope only. ,YES,"shan_l.174
to
shan_l.175",Box,,Yes,shan_L071.meta.xml,Google Drive,Yes,,,,,
72,8/1/1942,Santos,Josephine Montoya,N/A,"Socorro, NM",Transcribed & translated,Letter,YES,"shan_l.212
to
shan_l.213",Box,,Yes,shan_L072.meta.xml,Google Drive,Yes,,,,,
73,1/6/1958,Mr. & Mrs. W. F. Schubert,Mrs. C. E. Parrish,Lincoln NE,"Bradshaw, NE",Transcribed & translated,Env. and Letter,NO,"shan_l.214
to
shan_l.217",Box,,Yes,shan_L073.meta.xml,Google Drive,Yes,,,,,
74,1/30/1958,"Mr. & Mrs. Wm. Schubert, family",Mrs. Lillian Willhelm,Lincoln NE,"Phoenix, AZ",Transcribed & translated,Env. and Letter,NO,"shan_l.218
to
shan_l.227",Box,,Yes,shan_L074.meta.xml,Google Drive,Yes,,,,,
75,1/5/1953,Mrs. Sandra B. Schubert,J Baros ( Jesusita ) ,Lincoln NE,Fort Lupton CO,Transcribed & translated,Env. and Letter,YES,"shan_l.228
to
shan_l.233",Box,,Yes,shan_L075.meta.xml,Google Drive,Yes,,,,,
76,8/22/1956,"""Querida hija"" (Santos)",Jesusita B Torres,N/A,Fort Lupton CO,Transcribed & translated,letter only,YES,"shan_l.234
to
shan_l.235",Box,,Yes,shan_L076.meta.xml,Google Drive,Yes,,,,,
77,N/A,"""Querida hija"" (Santos)",Jesusita B Torres,N/A,Fort Lupton CO,Transcribed & translated,letter only,YES,"shan_l.236
to
shan_l.239",Box,,Yes,shan_L077.meta.xml,Google Drive,Yes,,,,,
78,2/4/1957,"""Querida hija"" (Santos)","""Tu mamá Jesusita B Torres""",N/A,Fort Lupton CO,Transcribed & translated,letter only,YES,"shan_l.240
to
shan_l.243",Box,,Yes,shan_L078.meta.xml,Google Drive,Yes,,,,,
79,3/6/1957,"""Querida hija"" (Santos)",Jesusita Baros Torres,N/A,Fort Lupton CO,Transcribed & translated,letter only,YES,"shan_l.248
to
shan_l.251",Box,,Yes,shan_L079.meta.xml,Google Drive,Yes,,,,,
80,4/23/1957,"""Querida hija"" (Santos)",Jesusita Baros,N/A,Fort Lupton CO,Transcribed & translated,letter only,YES,"shan_l.252
to
shan_l.255",Box,,Yes,shan_L080.meta.xml,Google Drive,Yes,,,,,
81,5/17/1957,"""Querida hija"" (Santos)",Jesusita Bars Torres,N/A,Fort Lupton CO,Transcribed & translated,letter only,YES,"shan_l.256
to
shan_l.259",Box,,Yes,shan_L081.meta.xml,Google Drive,Yes,,,,,
82,6/24/1957,Mrs. Sandra B. Schubert,,Lincoln NE,Fort Lupton CO,Transcribed & translated,Env. and Letter,YES,"shan_l.260
to
shan_l.265",Box,,Yes,shan_L082.meta.xml,Google Drive,Yes,,,,,
83,9/13/1957,Sandra B Schubert,Jesusita Baros Torres,Lincoln NE,Fort Lupton CO,Transcribed & translated,Env. and Letter,YES,"shan_l.266
to
shan_l.271",Box,,Yes,shan_L083.meta.xml,Google Drive,Yes,,,,,
84,10/26/1957,Sandra B Schubert,Jesusita B Torres,Lincoln NE,Fort Lupton CO,Transcribed & translated,Env. and Letter,YES,"shan_l.272
to
shan_l.277",Box,,Yes,shan_L084.meta.xml,Google Drive,Yes,,,,,
85,11/6/1957,Mr. & Mrs. William B Schubert,Mrs. Eddi Unkel,Lincoln NE,Denver CO,Transcribed & translated,Env. and Letter,NO,"shan_l.278
to
shan_l.287",Box,,Yes,shan_L085.meta.xml,Google Drive,Yes,,,,,
86,11/11/1957,Mrs. Sandra B Schubert,Jesusita B Torres,Lincoln NE,Fort Lupton CO,Transcribed & translated,Env. and Letter,YES,"shan_l.288
to
shan_l.293",Box,,Yes,shan_L086.meta.xml,Google Drive,Yes,,,,,
87,11/18/1957,Mrs. Sandra B Schubert,Jesusita B Torres,Lincoln NE,Fort Lupton CO,Transcribed & translated,Env. and Letter,YES ,"shan_l.294
to
shan_l.299",Box,,Yes,shan_L087.meta.xml,Google Drive,Yes,,,,,
88,5/9/1958,Mrs. W.F. Schubert,Jesusita B Torres,Lincoln NE,Fort Lupton CO,Transcribed & translated,Env. and Letter,YES,"shan_l.300
to
shan_l.303",Box,,Yes,shan_L088.meta.xml,Google Drive,Yes,,,,,
89,7/5/1958,Mrs. Sandra B Schubert,Jesusita B Torres,Lincoln NE,Fort Lupton CO,Transcribed & translated,Env. and Letter,YES,"shan_l.304
to
shan_l.309",Box,,Yes,shan_L089.meta.xml,Google Drive,Yes,,,,,
90,8/20/1958,"""Querida hija"" (Santos)",Jesusita B Torres,Lincoln NE,Fort Lupton CO,Transcribed & translated,letter only,YES,"shan_l.310
to
shan_l.311",Box,,Yes,shan_L090.meta.xml,Google Drive,Yes,,,,,
91,8/28/1958,"""Querida hija"" (Santos)",Jesusita B Torres,Lincoln NE,Fort Lupton CO,Transcribed & translated,letter only,YES,"shan_l.312
to
shan_l.313",Box,,Yes,shan_L091.meta.xml,Google Drive,Yes,,,,,
92,10/14/1958,"""Querida hija"" (Santos)","""Tu mama Jesusita B Torres""",Lincoln NE,Fort Lupton CO,Transcribed & translated,letter only,YES,"shan_l.314
to
shan_l.315",Box,,Yes,shan_L092.meta.xml,Google Drive,Yes,,,,,
93,10/29/1958,Mrs. W.F. Schubert,Mrs. Jesusita B. Torres,Lincoln NE,Fort Lupton CO,"Transcribed, edited & ready.
",Envelope and lock of hair,NO,shan_l.316 to shan_l.317,Box,,Yes,shan_L093.meta.xml,Google Drive,Yes,,,,,
93,10/29/1958,Mrs. W.F. Schubert,Mrs. Jesusita B. Torres,Lincoln NE,Fort Lupton CO,"Transcribed, edited & ready.
",Envelope and lock of hair,NO,"
shan_l.045",Box,,Yes,shan_L093.meta.xml,Google Drive,Yes,,,,,
94,11/13/1958,Mrs. W.F. Schubert,Jesusita B Torres,Lincoln NE,Fort Lupton CO,Transcribed & translated,Env. and Letter,YES,"shan_l.318
to
shan_l.325",Box,,Yes,shan_L094.meta.xml,Google Drive,Yes,,,,,
95,12/9/1958,"""Querida hija"" (Santos)",Jesusita B Torres,N/A,Fort Lupton CO,Transcribed & translated,letter,YES,"shan_l.326
to
shan_l.329",Box,,Yes,shan_L095.meta.xml,Google Drive,Yes,,,,,
96,2/2/1959,Mrs. W.F. Schubert,Jesusita B Torres,Lincoln NE,Fort Lupton CO,Transcribed & translated,Env. and Letter,YES,"shan_l.330
to
shan_l.335",Box,,Yes,shan_L096.meta.xml,Google Drive,Yes,,,,,
97,3/14/1959,Mrs. W.F. Schubert,Jesusita B Torres,Lincoln NE,Fort Lupton CO,Transcribed & translated,Env. and Letter,YES,"shan_l.336
to
shan_l.341",Box,,Yes,shan_L097.meta.xml,Google Drive,Yes,,,,,
98,5/7/1959,Mrs. W.F. Schubert,Jesusita B Torres,Lincoln NE,Fort Lupton CO,Transcribed & translated,Env. and Letter,YES,"shan_l.342
to
shan_l.347",Box,,Yes,shan_L098.meta.xml,Google Drive,Yes,,,,,
99,6/4/1959,Mrs. W.F. Schubert,N/A,Lincoln NE,Fort Lupton CO,"Transcribed, edited & ready.
",Envelope ,NO,"shan_l.348
to
shan_l.349",Box,,Yes,shan_L098.meta.xml,Google Drive,Yes,,,,,
100,6/30/1959,Mrs. W.F. Schubert,Jesusita B Torres,Lincoln NE,Fort Lupton CO,Transcribed & translated,Env. and Letter,YES,"shan_l.350
to
shan_l.355",Box,,Yes,shan_L100.meta.xml,Google Drive,Yes,,,,,
101,7/31/1959,Mrs. W.F. Schubert,Jesusita B Torres,Lincoln NE,Fort Lupton CO,Transcribed & translated,letter,YES,"shan_l.356
to
shan_l.361",Box,,Yes,shan_L101.meta.xml,Google Drive,Yes,,,,,
102,8/31/1959,"Querida Hija ""Santos",Jesusita B Torres,N/A,Fort Lupton CO,Transcribed & translated,Env. and Letter,YES,"shan_l.362
to
shan_l.363",Box,,Yes,shan_L102.meta.xml,Google Drive,Yes,,,,,
103,10/9/1959,Mrs. W.F. Schubert,Jesusita B Torres,Lincoln NE,Fort Lupton CO,Transcribed & translated,Env. and Letter,YES,"shan_l.364
to
shan_l.369",Box,,Yes,shan_L103.meta.xml,Google Drive,Yes,,,,,
104,1/26/1960,"Querida Hija ""Santos",Jesusita B Torres,N/A,Fort Lupton CO,Transcribed & translated, letter,YES,"shan_l.370
to
shan_l.371",Box,,Yes,shan_L104.meta.xml,Google Drive,Yes,,,,,
105,5/28/1960,Mrs. W.F Schubert,Jesusita B torres,lincoln NE,Fort Lupton CO,Transcribed & translated,Env. and Letter,YES,"shan_l.372
to
shan_l.377",Box,,Yes,shan_L105.meta.xml,Google Drive,Yes,,,,,
106,7/17/1961,Mrs. W.F Schubert,Jesusita B Torres,lincoln NE,Fort Lupton CO,Transcribed & translated,Env. and Letter,YES,"shan_l.378
to
shan_l.385",Box,,Yes,shan_L106.meta.xml,Google Drive,Yes,,,,,
107,7/26/1962,Mrs. W.F Schubert,Jesusita B Torres,lincoln NE,Fort Lupton CO,Transcribed & translated,Env. and Letter,YES,"shan_l.386
to
shan_l.393",Box,,Yes,shan_L107.meta.xml,Google Drive,Yes,,,,,
108,9/17/1962,"Querida Hija ""Santos",Jesusita B Torres,N/A,Fort Lupton CO,Transcribed & translated, letter,YES,"shan_l.394
to
shan_l.399",Box,,Yes,shan_L108.meta.xml,Google Drive,Yes,,,,,
109,1/7/1963,"Querida Hija ""Santos",J.B.T,N/A,Fort Lupton CO,Transcribed & translated, letter,YES,"shan_l.400
to
shan_l.405",Box,,Yes,shan_L109.meta.xml,Google Drive,Yes,,,,,
110,1/28/1963,Mrs. W.F Schubert,Jesusita B torres,Lincoln NE,Fort Lupton CO,Transcribed & translated,Env. and Letter,YES,"shan_l.406
to
shan_l.411",Box,,Yes,shan_L110.meta.xml,Google Drive,Yes,,,,,
111,6/24/1963,[Mrs.] W.F Schubert,Jesusita B Torres,Lincoln NE,Fort Lupton CO,Transcribed & translated,Env. and Letter,YES,"shan_l.412
to
shan_l.417",Box,,Yes,shan_L111.meta.xml,Google Drive,Yes,,,,,
112,N/A,N/A,N/A,N/A,N/A,Transcribed & translated,"Hadwritten in black ink, Jesusita's handwriting: ""2.page. para el Estado de Texas con una famílía que se fue para aya"" List of names and amounts written in English, different handwritting & different ink on the back. ",YES,"shan_l.418
to
shan_l.419",Box,,No,shan_L112.meta.xml,Google Drive,,,,,,
113,1/2/1964,[Mrs.] W.F Schubert,Jesusita B Torres,Lincoln NE,Fort Lupton CO,Transcribed & translated,Env. and Letter,YES,"shan_l.420
to
shan_l.425",Box,,Yes,shan_L113.meta.xml,Google Drive,Yes,,,,,
114,1/1/1964,"Querida Hija ""Santos",Jesusita B Torres,N/A,Fort Lupton CO,Transcribed & translated,Letter,YES,"shan_l.426
to
shan_l.427",Box,,No,,,,,,,,
115,6/1/1965,Mrs. W.F Schubert,Pam ,Lincoln NE,Fort Lupton CO,Transcribed & translated,Envelope and letter,NO,"shan_l.432
to
shan_l.435",Box,,Yes,shan_L115.meta.xml,Google Drive,Yes,,,,,
116,6/1/1965,"Querida Hija ""Santos",Max y Jesusita,N/A,Fort Lupton CO,Transcribed & translated,letter,YES,"shan_l.436
to
shan_l.437",Box,,Yes,shan_L116.meta.xml,Google Drive,Yes,,,,,
117,7/21/1967,Mrs. Schubert,Jesusita Torres,Lincoln NE,Fort Lupton CO,Transcribed & translated,Env. and Letter,YES,"shan_l.438
to
shan_l.443",Box,,Yes,shan_L117.meta.xml,Google Drive,Yes,,,,,
118,11/13/1967,Mrs. Santos Schubert,Jesusita Torres,Lincoln NE,Fort Lupton CO,Transcribed & translated,Env. and Letter,YES,"shan_l.444
to
shan_l.447",Box,,Yes,shan_L118.meta.xml,Google Drive,Yes,,,,,
119,12/14/1967,"Querida Hija ""Santos",Jesusita Torres,N/A,Fort Lupton CO,Transcribed & translated,letter,YES,"shan_l.448
to
shan_l.449",Box,,Yes,shan_L119.meta.xml,Google Drive,Yes,,,,,
120,9/11/1970,Mrs. Schubert,Jesusita Torrres,Lincoln NE,Fort Lupton CO,Transcribed & translated,Env. and Letter,YES,"shan_l.450
to
shan_l.453",Box,,Yes,shan_L120.meta.xml,Google Drive,Yes,,,,,
121,9/8/1974,N/A,Sandra/Bill,N/A,N/A,Transcribed & translated,Env. and Letter,YES,"shan_l.454
to
shan_l.455",Box,,No,,,,,,,,
122,5/26/1986,N/A,N/A,N/A,N/A,Transcribed & translated,Env. and Letter,NO,"shan_l.456
to
shan_l.457",Box,,Yes,shan_L122.meta.xml,Google Drive,Yes,,,,,
123,N/A,Mr. Mrs Schubert,N/A,Lincoln NE,N/A,"Transcribed, edited & ready.
",Envelope,NO,"shan_l.458
to
shan_l.459",Box,,Yes,shan_L123.meta.xml,Google Drive,Yes,,,,,
124,3/17/1942,Mrs. & Ms. John J Schubert & Family,William F Schubert,Palmyra NE,Lincoln NE ,Transcribed & translated,Env. and Letter,NO,"shan_l.460
to
shan_l.465",Box,,Yes,shan_L124.meta.xml,Google Drive,,,,,,
125,12/7/1964,"""Querida hija""
Santos B. Schubert",Jesusita B. Torres,N/A,"Fort Lupton, CO",Transcribed & translated,"Original L125 was a duplicate of L20 and was therefore deleted.
L114 contained two separate letters, therefore the second letter was separated and turned into the new L125.
Letter",Yes,"shan_l.428
to
shan_l.431",Box,,,,,,,,,,
126,9/18/19??,Jesusita Baros,Julia Flemate,Fort Lupton CO,Guadalajara JAL,"Transcribed, edited & ready.
",Envelope ,YES,"shan_l.468
to
shan_l.469",Box,,Yes,shan_L126.meta.xml,Google Drive,Yes,,,,,
127,3/16/1977,Mrs. & Mr. Bill Schubert,Helen & Jess & Mark,Lincoln NE,Fort Lupton CO,Transcribed & translated,Env. and Letter,NO,"shan_l.470
to
shan_l.473",Box,,Yes,shan_L127.meta.xml,Google Drive,,,,,,
128,9/24/1974,Mr. & Mrs. Bill Schubert,Jess Baros,Lincoln NE,Fort Lupton CO,Transcribed & translated,Env. and Letter,NO,"shan_l.474
to
shan_l.481",Box,,Yes,shan_L128.meta.xml,Google Drive,Yes,,,,,
129,12/17/1976,Mrs. Santos Schubert,Mrs. AB Sanchez,Lincoln NE,Tucson AZ,Transcribed & translated,Env. and Letter,YES,"shan_l.482
to
shan_l.485",Box,,Yes,shan_L129.meta.xml,Google Drive,Yes,,,,,
130,12/10/1947,Mrs. Santos B Schubert,W.F. Schubert,Fort Lupton CO,Havelock NE,Transcribed & translated,Env. and Letter,NO,"shan_l.486
to
shan_l.491",Box,,Yes,shan_L130.meta.xml,Google Drive,Yes,,,,,
131,12/18/1947,Mrs. Santos B Shubert,W.F Schubert,Fort Lupton CO,Havelock NE,Transcribed & translated,Env. and Letter,NO,"shan_l.492
to
shan_l.497",Box,,Yes,shan_L131.meta.xml,Google Drive,Yes,,,,,
132,5/9/1948,Mrs. Santos B Shubert,Bill,Fort Lupton CO,Bergstrom Airforce Base/Austin TX,Transcribed & translated,Env. and Letter,YES,"shan_l.498
to
shan_l.503",Box,,Yes,shan_L132.meta.xml,Google Drive,Yes,,,,,
133,5/11/1948,Mrs. Santos B Schubert,Sgt. Wm. F. Schubert,Fort Lupton CO,Bergstrom Airforce Base/Austin TX,Transcribed & translated,Env. and Letter,YES,"shan_l.504
to
shan_l.505",Box,,Yes,shan_L133.meta.xml,Google Drive,Yes,,,,,
134,5/27/1949,Mrs. Sandra B Schubert,Bill,Fort Lupton CO,Havelock NE,Transcribed & translated,Env. and Letter,YES,"shan_l.506
to
shan_l.511",Box,,Yes,shan_L134.meta.xml,Google Drive,Yes,,,,,
135,9/25/1950,Mrs. Sandra B Schubert,WF Schubert,Fort Lupton CO,"Adams, NE",Transcribed & translated,Env. and Letter,NO,"shan_l.512
to
shan_l.515",Box,,Yes,shan_L135.meta.xml,Google Drive,Yes,,,,,
136,9/23/1950,Sandra & Billy,Bill,N/A,"Adams, NE",Transcribed & translated,letter,NO,"shan_l.516
to
shan_l.517",Box,,Yes,shan_L136.meta.xml,Google Drive,Yes,,,,,
137,9/27/1950,Santos & Billy,Bill,N/A,Camp 67/Adams NE,Transcribed & translated,letter,NO,"shan_l.518
to
shan_l.519",Box,,Yes,shan_L137.meta.xml,Google Drive,Yes,,,,,
138,10/1/1950,Santos & Billy,Bill,N/A,N/A,Transcribed & translated,letter,NO,"shan_l.520
to
shan_l.521",Box,,Yes,shan_L138.meta.xml,Google Drive,Yes,,,,,
139,10/12/1950,"""My darling wife"" (Santos)",Bill,N/A,Camp 67/Adams NE,Transcribed & translated,letter,No,"shan_l.522
to
shan_l.523",Box,,Yes,shan_L139.meta.xml,Google Drive,Yes,,,,,
140,10/13/1950,Sandra & Billy,Bill,N/A,Camp 67/Adams NE,Transcribed & translated,letter,No,"shan_l.524
to
shan_l.525",Box,,Yes,shan_L140.meta.xml,Google Drive,Yes,,,,,
141,10/14/1950,Santos & Billy,Bill,N/A,Camp 67/Adams NE,Transcribed & translated,letter,NO,"shan_l.526
to
shan_l.527",Box,,Yes,shan_L141.meta.xml,Google Drive,Yes,,,,,
142,10/16/1950,"""My darling wife and Billy"" (Santos)",Bill,N/A,Camp 67/Adams NE,Transcribed & translated,letter,NO,"shan_l.528
to
shan_l.531",Box,,Yes,shan_L142.meta.xml,Google Drive,Yes,,,,,
143,10/17/1950,"""My darling wife and son"" (Santos)",Bill,N/A,Camp 67/Adams NE,Transcribed & translated,letter,NO,"shan_l.532
to
shan_l.533",Box,,Yes,shan_L143.meta.xml,Google Drive,Yes,,,,,
144,10/18/1950,"""My darling wife and son"" (Santos)",Bill,N/A,Camp 67/Adams NE,Transcribed & translated,letter,NO,"shan_l.534
to
shan_l.535",Box,,Yes,shan_L144.meta.xml,Google Drive,Yes,,,,,
145,10/19/1950,"""My darling wife and son"" (Santos)",Bill,N/A,Camp 67/Adams NE,Transcribed & translated,"letter  ""Will write a few lines yet today as...""",NO,"shan_l.536
to
shan_l.537",Box,,Yes,shan_L145.meta.xml,Google Drive,Yes,,,,,
146,10/19/1950,"""My darling wife and son"" (Santos)",Bill,N/A,Camp 67/Adams NE,Transcribed & translated,"letter  ""Received your nice letter of the 18th...""",NO,"shan_l.538
to
shan_l.539",Box,,Yes,shan_L146.meta.xml,Google Drive,Yes,,,,,
147,11/19/1952,Mrs. William Schubert,Mrs. Anderson,Lincoln NE,Lincoln NE,"Transcribed, edited & ready.
",Envelope This plastic sleeve contained this envelope AND one b/w photo and a cupon for portrait from Baby Tots Studio dated 12/10/1953 PHOTO ID PENDING/Receipt id is [D55],NO,"shan_l.540
to
shan_l.541",Box,,Yes,shan_L147.meta.xml,Google Drive,Yes,,,,,
148,8/25/1954,"Sandra, Billy, Bobby & Pamela",Bill,N/A,La Grange IL,Transcribed & translated,letter,NO,"shan_l.542
to
shan_l.543",Box,,Yes,shan_L148.meta.xml,Google Drive,Yes,,,,,
149,8/14/1962,Sandra & youngsters,Bill,N/A,Lincoln NE,Transcribed & translated,letter,NO,"shan_l.544
to
shan_l.545",Box,,Yes,shan_L149.meta.xml,Google Drive,Yes,,,,,
150,8/16/1962,Sandra & children,Bill,N/A,Lincoln NE,Transcribed & translated,letter,NO,"shan_l.546
to
shan_l.547",Box,,Yes,shan_L150.meta.xml,Google Drive,Yes,,,,,
151,8/19/1962,Mrs. WF Schubert,WF Schubert,Fort Lupton CO,Lincoln NE,Transcribed & translated,Env. and Letter,NO,"shan_l.548
to
shan_l.551",Box,,Yes,shan_L151.meta.xml,Google Drive,Yes,,,,,
152,8/22/1962,Sandra & youngsters,Bill,N/A,Lincoln NE,Transcribed & translated,letter,NO,"shan_l.552
to
shan_l.553",Box,,Yes,shan_L152.meta.xml,Google Drive,Yes,,,,,
153,10/18/1939,Mrs. Jesusita Baros,Lucía V? (Faustín Villanueva?),Longmont CO,Albuquerque NM,Transcribed & translated,Env. and Letter,YES,"shan_l.554
to
shan_l.559",Box,,Yes,shan_L153.meta.xml,Google Drive,Yes,,,,,
154,7/18/1971,"""Querida hija"" (Santos)",Jesusita Torres,N/A,N/A,Transcribed & translated,letter,YES,"shan_l.560
to
shan_l.561",Box,,Yes,shan_L154.meta.xml,Google Drive,Yes,,,,,
155,1/2/1976,Sandra & Billy,Jess & Helen & Mark,N/A,Fort Lupton CO,Transcribed & translated,letter,NO,"shan_l.562
to
shan_l.567",Box,,Yes,shan_L155.meta.xml,Google Drive,Yes,,,,,
156,10/29/1956,"""Querida hija"" (Santos)",Jesusita Baros Torres,N/A,Fort Lupton CO,Transcribed & translated,letter,YES,"shan_l.568
to
shan_l.571",Box,,Yes,shan_L156.meta.xml,Google Drive,Yes,,,,,
157,8/16/1982,Mr. & Mrs. Bill Schubert,Mrs. F.N. Baca,Lincoln NE,Albuquerque NM,Transcribed & translated,Env. and Letter,NO,"shan_l.572
to
shan_l.577",Box,,No,,,,,,,,
158,10/14/1966,Mrs. Sandra Schubert,Jesusita Torres,Lincoln NE,Fort Lupton CO,Transcribed & translated,Env. and Letter,YES,"shan_l.578
to
shan_l.583",Box,,Yes,shan_L158.meta.xml,Google Drive,Yes,,,,,
159,11/7/1966,"""Mi querida hija"" (Santos)",Jesusita Torres,N/A,Fort Lupton CO,Transcribed & translated,letter,YES,"shan_l.584
to
shan_l.587",Box,,Yes,shan_L159.meta.xml,Google Drive,Yes,,,,,
160,12/29/1974,Santos Schubert,"""Tu amiga"" ",Lincoln NE,Tucson AZ,Transcribed & translated,"Env. and Letter ""Saludes de Pancha"" (woman's handwriting?)",YES,"shan_l.588
to
shan_l.591",Box,,Yes,shan_L160.meta.xml,Google Drive,Yes,,,,,
161,10/9/1950,Mr. WF Schubert,Mrs. Sandra Schubert,Rulo NE,Fort Lupton CO,Transcribed & translated,Env. and Letter,NO ,"shan_l.592
to
shan_l.596",Box,,Yes,shan_L161.meta.xml,Google Drive,Yes,,,,,
162,2/11/1978,Mrs. Santos B Schubert & Jane,Bill Schubert,Lincoln NE,Fort Lupton CO,Transcribed & translated,letter,NO,"shan_l.597
to
shan_l.602",Box,,No,,,,,,,,
163,10/4/1950,Mr. William F Schubert,Sandra Schubert,Camp 67/Rulo NE,Fort Lupton CO,Transcribed & translated,Env. and Letter,NO,"shan_l.603
to
shan_l.607",Box,,No,,,,,,,,
164,1/10/1953,Mrs. Santos B Schubert,WF Schubert,Lincoln NE,"Berwyn, IL",Transcribed & translated,Env. and Letter,NO,"shan_l.608
to
shan_l.611",Box,,No,,,,,,,,
165,1/8/1953,Mrs. Santos B Schubert,WF Schubert,Lincoln NE,"Berwyn, IL",Transcribed & translated,Env. and Letter,NO,"shan_l.612
to
shan_l.615",Box,,No,,,,,,,,
166,12/12/1950,W.F Schubert,Mrs. WF Schubert,Falls City NE,Lincoln NE,Transcribed & translated,Env. and Letter,NO,"shan_l.616
to
shan_l.619",Box,,No,,,,,,,,
167,12/12/1950,Bill,Sandra,N/A,N/A,Transcribed & translated,letter,NO,"shan_l.620
to
shan_l.622",Box,,No,,,,,,,,
168,11/30/1948,Sr. Maximino Torres,Clemente Torres,Fort Lupton CO,Churintzio/Huapamacato MICH,Transcribed & translated,Env. and Letter Note that [L168] and [L169] were written in same piece of paper and sent in one envelope ,YES,shan_l.623 to shan_l.624,Box,,Yes,shan_L168.meta.xml,Google Drive,Yes,,,,,
168,11/30/1948,Sr. Maximino Torres,Clemente Torres,Fort Lupton CO,Churintzio/Huapamacato MICH,Transcribed & translated,Env. and Letter Note that [L168] and [L169] were written in same piece of paper and sent in one envelope ,YES,"
shan_l.626",Box,,Yes,shan_L168.meta.xml,Google Drive,Yes,,,,,
169,N/A,Sra Jesusita Baros,Sra. Victoria A. de Torres,Fort Lupton CO,Churintzio/Huapamacato MICH,Transcribed & translated,Env. and Letter Note that [L168] and [L169] were written in same piece of paper and sent in one envelope ,YES,shan_l.625,Box,,Yes,shan_L169.meta.xml,Google Drive,Yes,,,,,
170,1/22/1952,Sr Maximino Torres,Victoria Aviña,Fort Lupton CO,Churintzio MICH,Transcribed & translated,Envelope,NO,"shan_l.627
to
shan_l.628",Box,,Yes,shan_L170.meta.xml,Google Drive,Yes,,,,,
171,1/2?/1953,Sra. Jesusita Baros ,Mauro Quesada,Fort Lupton CO,Juchipila ZAC,"Transcribed, edited & ready.
",Envelope,YES,"shan_l.629
to
shan_l.630",Box,,Yes,shan_L171.meta.xml,Google Drive,Yes,,,,,
172,2/9/1944,Miss Santos Baros,Jess Baros,Denver CO,Oceanside CA,"Transcribed, edited & ready.
",Envelope,YES,"shan_l.631
to
shan_l.632",Box,,Yes,shan_L172.meta.xml,Google Drive,Yes,,,,,
173,2/23/1939,Mrs. Jesusita Baros,Jesús Samaniego,Longmont CO,Juchipila ZAC,"Transcribed, edited & ready.
",Envelope,YES,"shan_l.633
to
shan_l.634",Box,,Yes,shan_L173.meta.xml,Google Drive,Yes,,,,,
174,6/27/1957,Sra. Jesusita Baros,Patricia Medrano,Fort Lupton CO,Juchipila ZAC,"Transcribed, edited & ready.
",Envelope,NO,"shan_l.635
to
shan_l.636",Box,,Yes,shan_L174.meta.xml,Google Drive,Yes,,,,,
175,8/29/1938?,Mrs. Jesusita Baros,Jesús Samaniego,Longmont CO,Juchipila ZAC,"Transcribed, edited & ready.
",Envelope,YES,"shan_l.637
to
shan_l.638",Box,,Yes,shan_L175.meta.xml,Google Drive,Yes,,,,,
176,8/5?/19??,Sra. Jesús Baros,Nemecio Samaniego,Fort Lupton CO,Juchipila ZAC,"Transcribed, edited & ready.
",Envelope,YES,"shan_l.639
to
shan_l.640",Box,,Yes,shan_L176.meta.xml,Google Drive,Yes,,,,,
177,2/27/1957,Sra. Jesusita Baros,Nemecio Samaniego,Fort Lupton CO,Juchipila ZAC,"Transcribed, edited & ready.
",Envelope,YES,"shan_l.641
to
shan_l.642",Box,,Yes,shan_L177.meta.xml,Google Drive,Yes,,,,,
178,1/11/196?,Sra. Jesusita B Torres,Nemecio Samaniego,Fort Lupton CO,Juchipila ZAC,"Transcribed, edited & ready.
",Envelope,YES,"shan_l.643
to
shan_l.644",Box,,Yes,shan_L178.meta.xml,Google Drive,Yes,,,,,
179,1/4/1938,Sra. Jesusita Baros,N/A,Denver CO,N/A,"Transcribed, edited & ready.
",Envelope,NO,"shan_l.645
to
shan_l.646",Box,,Yes,shan_L179.meta.xml,Google Drive,Yes,,,,,
180,1/11/1956?,Sra. Jesusita Baros,Demetrio Flemate,Fort Lupton CO,Juchipila ZAC,"Transcribed, edited & ready.
",Envelope,YES,"shan_l.647
to
shan_l.648",Box,,Yes,shan_L180.meta.xml,Google Drive,Yes,,,,,
181,2/7/01956?,Mrs. Jesusita Baros,Patricia Medrano,Fort Lupton CO,Juchipila ZAC,"Transcribed, edited & ready.
",Envelope,NO,"shan_l.649
to
shan_l.650",Box,,Yes,shan_L181.meta.xml,Google Drive,Yes,,,,,
182,12/17/195?,Sra. Jesusita Baros Torres,Guadalupe Flemate,Fort Lupton CO,Juchipila ZAC,"Transcribed, edited & ready.
",Envelope,YES,"shan_l.651
to
shan_l.652",Box,,Yes,shan_L182.meta.xml,Google Drive,Yes,,,,,
183,7/15/1955,Sra. Ma. de Jesús Baros Torres,Demetrio Flemate,Fort Lupton CO,Juchipila ZAC,"Transcribed, edited & ready.
",Envelope,YES,"shan_l.653
to
shan_l.654",Box,,Yes,shan_L183.meta.xml,Google Drive,Yes,,,,,
184,10/19/1959,Jesusita B Torres,Nemecio Samaniego,Fort Lupton CO,Juchipila ZAC,"Transcribed, edited & ready.
",Envelope,YES,"shan_l.655
to
shan_l.656",Box,,Yes,shan_L184.meta.xml,Google Drive,Yes,,,,,
185,??/29/1959,Jesusita BT,Nemecio Samaniego,Fort Lupton CO,Juchipila ZAC,"Transcribed, edited & ready.
",Envelope,YES,"shan_l.657
to
shan_l.658",Box,,Yes,shan_L185.meta.xml,Google Drive,Yes,,,,,
186,10/15/1959,Jesusita B Torres,Nemecio Samaniego,Fort Lupton CO,Juchipila ZAC,"Transcribed, edited & ready.
",Envelope,YES,"shan_l.659
to
shan_l.660",Box,,Yes,shan_L186.meta.xml,Google Drive,Yes,,,,,
187,10/13/1942,Miss Santos Baros,José Lara M.,Fort Lupton CO,Juchipila ZAC,"Transcribed, edited & ready.
",Envelope,NO,"shan_l.661
to
shan_l.662",Box,,Yes,shan_L187.meta.xml,Google Drive,Yes,,,,,
188,6/16/1952,Ms. Jesusita Baros,Demetrio Flemate,Fort Lupton CO,Juchipila ZAC,"Transcribed, edited & ready.
",Envelope,NO,"shan_l.663
to
shan_l.664",Box,,Yes,shan_L188.meta.xml,Google Drive,Yes,,,,,
189,10/20/1975,Sra. Jesusita Baros,Nemecio Samaniego,Fort Lupton CO,Juchipila ZAC,"Transcribed, edited & ready.
",Envelope,NO,"shan_l.665
to
shan_l.666",Box,,Yes,shan_L189.meta.xml,Google Drive,Yes,,,,,
190,2/3/1939,Mrs. Jesusita Baros ,Demetrio Flemate,Longmont CO,Juchipila ZAC,"Transcribed, edited & ready.
",Envelope,NO,"shan_l.667
to
shan_l.668",Box,,Yes,shan_L190.meta.xml,Google Drive,Yes,,,,,
191,7/1/1970,Sr. Maximino Torres,Roberto Gonzales,"Fort Lupton, CO","Villings, Montana","Transcribed, edited & ready.
",Envelope,NO,"shan_l.669
to
shan_l.670",Box,,Yes,shan_L191.meta.xml,Google Drive,Yes,,,,,
192,11/5/1951,Sr. Maxsimino Torres,Clemente Torres,"Fort Lupton, CO","Del Rey, California","Transcribed, edited & ready.
",Envelope,NO,"shan_l.671
to
shan_l.672",Box,,Yes,shan_L192.meta.xml,Google Drive,Yes,,,,,
193,4/5/1943,Mr. Maxcimino Torres,Clemente Torres,"Denver, CO",Churintzio Guapamacato Michocan Mexico ,"Transcribed, edited & ready.
",Envelope,NO,"shan_l.673
to
shan_l.674",Box,,Yes,shan_L193.meta.xml,Google Drive,Yes,,,,,
194,8/14/1962,Mr. and Mrs. Bill Schubert,Mrs. F. N. Baca,"Lincoln, NE",Albuquerque NM,Transcribed & translated,Env. and Letter,NO,"shan_l.675
to
shan_l.680",Box,,Yes,shan_L194.meta.xml,Google Drive,Yes,,,,,
195,N/A,N/A,JBT ???,N/A,N/A,Transcribed & translated,"back of envelope ""Estas son las targetas de la agua""",YES,"shan_l.768 to 
shan_l.769",Box,,No,,,,,,,,
196,3/11/1958,Santos B Schubert,Jesusita Baros Torres,"Lincoln, NE","Fort Lupton, CO",Transcribed & translated,Letter. Three pages handwritten in Spanish.,YES,shan_l.686 to shan_l.690 ,Box,,Yes,shan_L196.meta.xml,Google Drive,Yes,,,,,
197,4/30/1958,Santos B Schubert,Jesusita Baros Torres,"Lincoln, NE","Fort Lupton, CO",Transcribed & translated,Env. and Letter. Three pages handwritten in Spanish.,YES,shan_l.691 to shan_l.695 ,Box,,Yes,shan_L197.meta.xml,Google Drive,Yes,,,,,
198,4/8/1961,Santos B Schubert,Jesusita Baros Torres,"Lincoln, NE","Fort Lupton, CO",Transcribed & translated,Env. and Letter. Three pages handwritten in Spanish.,YES,shan_l.696 to shan_l.700 ,Box,,Yes,shan_L198.meta.xml,Google Drive,Yes,,,,,
199,12/7/1961,Santos B Schubert,Jesusita Baros Torres,"Lincoln, NE","Fort Lupton, CO",Transcribed & translated,Env. and Letter. Two pages handwritten in Spanish.,YES,"shan_l.747 to 
shan_l.750",Box,,Yes,shan_L199.meta.xml,Google Drive,Yes,,,,,
200,1/6/1958,Santos B Schubert,Jesusita Baros Torres,"Lincoln, NE","Fort Lupton, CO",Transcribed & translated,Env. and Letter. Three pages handwritten in Spanish.,YES,"shan_l.751 to 
shan_l.755",Box,,Yes,shan_L200.meta.xml,Google Drive,Yes,,,,,
201,10/24/1961,Santos B Schubert,Jesusita Baros Torres,"Lincoln, NE","Fort Lupton, CO",Transcribed & translated,Letter. Two handwritten pages in Spanish. ,YES,"shan_l.701 to 
shan_l.704",Box,,Yes,shan_L201.meta.xml,Google Drive,Yes,,,,,
202,2/12/1963,Mrs. W.F. Schubert,Jesusita Baros Torres ,"Lincoln, Ne","Fort Lupton, CO",Transcribed & translated,Letter and Envelope. Two hand written pages with prayer card ([D127]) attached,YES ,"shan_l.705 to 
shan_l.708",Box,,Yes,shan_L202.meta.xml,Google Drive,Yes,,,,,
203,3/13/1966,Srta. Pamela Schubert ,Jesusita Baros Torres ,"Lincoln, NE ","Fort Lupton, CO",Transcribed & translated,"This envelope, addressed to Santos, includes a a birthday card to Jane Schubert [D126], a three-page hadwritten letter to Pamela Schubert [L203], and a one-page handwritten letter to Santos Schubert [L215]",YES ,"shan_l.718 to 
shan_l.720",Box,,Yes,shan_L203.meta.xml,Google Drive,Yes,,,,,
204,11/20/1964,Mrs. W. F. Schubert, Jesusita Baros Torres ,"Lincoln, NE ","Fort Lupton, CO ",Transcribed & translated,Two hand-written pages with envelope ,YES ,"shan_l.709 to
shan_l.712",Box,,Yes,shan_L204.meta.xml,Google Drive,Yes,,,,,
205,12/20/1968,Querida Hija (Santos),Jesusita Barros Torres ,"Lincon, NE"," Fort Lupton, CO ",Transcribed & translated,One hand-written page ,YES ,Only PDF ,PDF in Box and GDrive,,Yes,shan_L205.meta.xml,Google Drive,Yes,,,,,
206,1/3/1965,estimados hijos (Santos and family),Jesusita Barros Torres ,"Lincoln, NE ","Fort Lupton, CO ",Transcribed & translated,Two hand-written pages  ,YES ,"shan_l.713 to 
shan_l.714",Box,,Yes,shan_L206.meta.xml,Google Drive,Yes,,,,,
207,5/13/1969,Querida Hija (Santos),Jesusita Barros Torres ,"Lincoln, NE ","Fort Lupton, CO ",Transcribed & translated,Two hand-written pages ,YES ,"shan_l.738 to 
shan_l.739",Box,,Yes,shan_L207.meta.xml,Google Drive,Yes,,,,,
208,3/3/1965,Mrs. W.F. Schubert,Jesusita Barros Torres ,"Lincoln, NE ","Fort Lupton, CO ",Transcribed & translated,"Two hand-written pages with envelope and $40.00 cash enclosed. SEE: ""el mas fino recuerdo de nosotros, Max, and mí tu mamá"" = ""and me, tu mamá""",YES ,"shan_l.756 to 
shan_l.759",Box,,Yes,shan_L208.meta.xml,Google Drive,Yes,,,,,
209,11/1/1966,Santos B Schubert,Jesusita Barros Torres ,"Lincoln, NE ","Fort Lupton, CO ",Transcribed & translated,,YES,"shan_l.721 to 
shan_l.723",Box,,Yes,shan_L209.meta.xml,Google Drive,Yes,,,,,
210,9/15/1968,Santos B Schubert,Jesusita Barros Torres ,"Lincoln, NE ","Fort Lupton, CO ",Transcribed & translated,,YES,"shan_l.724 to 
shan_l.728",Box,,Yes,shan_L210.meta.xml,Google Drive,Yes,,,,,
211,11/6/1968,Santos B Schubert,Jesusita Barros Torres ,"Lincoln, NE ","Brighton, CO",Transcribed & translated,,YES,"shan_l.729 to
shan_l.732",Box,,Yes,shan_L211.meta.xml,Google Drive,Yes,,,,,
212,4/21/1969,Santos B Schubert,Jesusita Barros Torres ,"Lincoln, NE ","Fort Lupton, CO ",Transcribed & translated,"""Hasta el amedio día"".",YES,"shan_l.733 to 
shan_l.737",Box,,Yes,shan_L212.meta.xml,Google Drive,Yes,,,,,
213,12/11/1971,Santos B Schubert,Jesusita Barros Torres ,"Lincoln, NE ","Fort Lupton, CO ",Transcribed & translated,This letter includes a Christmas card to Santos [D129],YES,"shan_l.740 to 
shan_l.742",Box,,Yes,shan_L213.meta.xml,Google Drive,Yes,,,,,
214,12/30/1976,Santos B Schubert,Gloria Botello,"Lincoln, NE ","Fort Lupton, CO ",Transcribed & translated,,YES,"shan_l.743 to 
shan_l.746",Box,,Yes,shan_L214.meta.xml,Google Drive,Yes,,,,,
215,3/10/1966,Santos B Schubert,Jesusita Barros Torres ,"Lincoln, NE ","Fort Lupton, CO ",Transcribed & translated,"This one-page handwritten letter to Santos Schubert was inside an envelope addressed to Santos that includes a birthday card to Jane Schubert [D126], and a three-page hadwritten letter to Pamela Schubert [L203], and a one-page handwritten letter to Santos Schubert [L215].",,,,,Yes,shan_L215.meta.xml,Google Drive,Yes,,,,,
216,1/12/1962,Mrs. W. F. Schubert,Jesusita B. Torres,"Lincoln, NE","Fort Lupton, CO",Transcribed & translated,Env. and Letter,YES,"shan_l.770 
to shan_l.774",Box,,No,,,,,,,,
217,10/29/1962,Mrs. W. F. Schubert,Jesusita B. Torres,"Lincoln, NE","Fort Lupton, CO",Transcribed & translated,Env. and Letter,YES,"shan_l.775 
to shan_l.779",Box,,No,,,,,,,,
218,7/25/1966,[Querida hija],Jesusita Torres,"Lincoln, NE","Fort Lupton, CO",Transcribed & translated,Letter,YES,"shan_l.780 
to shan_l.781",Box,,No,,,,,,,,
219,10/4/1968,Mrs Schubert,Jesusita Torres,"Lincoln, NE","Fort Lupton, CO",Transcribed & translated,Env. and Letter,YES,"shan_l.782 
to shan_l.785",Box,,No,,,,,,,,
220,12/9/1968,Mrs Santos B. Schubert,Jesusita Torres,"Lincoln, NE","Fort Lupton, CO",Transcribed & translated,Env. and Letter,YES,"shan_l.786 
to shan_l.78x",Box,,No,,,,,,,,
221,3/30/1959,Mrs. W. F. Schubert,Jesusita B. Torres,"Lincoln, NE","Fort Lupton, CO",Transcribed & translated,Env. and Letter. Includes a postcard [D184],YES,shan_l.792 to shan_l.793,Box,,No,,,,,,,,
222,3/31/1945,Miss Sandra Baros,Pfc. Fred Rodriguez,"Denver, CO","New York, NY",Transcribed & translated,Letter,NO,"shan_l.794 
to
shan_l.795",Box,,No,,,,,,,,
223,10/10/1950,Mr. William F Schubert,Mrs. W.F. Schubert,"Rulo, NE","Fort Lupton, CO",Transcribed & translated,Env. and Letter,NO,"shan_l.796
to
shan_l.800",Box,,No,,,,,,,,
224,10/13/1950,Mr. William F Schubert,Mrs. Sandra B. Schubert,"Rulo, NE","Fort Lupton, CO",Transcribed & translated,Env. and Letter,NO,"shan_l.801
to
shan_l.805",Box,,No,,,,,,,,
225,10/17/1950,Mr. William F Schubert,Mrs. Sandra B. Schubert,"Rulo, NE","Fort Lupton, CO",Transcribed & translated,"Env., card and Letter",NO,"shan_l.806
to
shan_l.812",Box,,No,,,,,,,,